[[{"location":"/Users/hatakusunoki/Documents/Java/lab11","type":"PROJECT","hints":{"PROJECT_NAME":"lab11"}},"ABSENT"],[{"location":"/Users/hatakusunoki/Documents/Java/TimerPicker","type":"PROJECT","hints":{"PROJECT_NAME":"TimerPicker"}},"ABSENT"],[{"location":"/Users/hatakusunoki/Documents/Java/vol","type":"PROJECT","hints":{"PROJECT_NAME":"vol"}},"ABSENT"],[{"location":"/Users/hatakusunoki/Documents/Java/JavaGeneric","type":"PROJECT","hints":{"PROJECT_NAME":"JavaGeneric"}},"ABSENT"],[{"location":"/Users/hatakusunoki/Documents/Java/GUIPart1EmptyWindow","type":"PROJECT","hints":{"PROJECT_NAME":"GUIPart1EmptyWindow"}},"ABSENT"],[{"location":"/Users/hatakusunoki/Documents/Java/runcomeon","type":"PROJECT","hints":{"PROJECT_NAME":"runcomeon"}},"ABSENT"],[{"location":"/Users/hatakusunoki/Documents/Java/Probject2","type":"PROJECT","hints":{"PROJECT_NAME":"Probject2"}},"ABSENT"],[{"location":"/Users/hatakusunoki/Documents/Java/qinxx232_lab10","type":"PROJECT","hints":{"PROJECT_NAME":"qinxx232_lab10"}},"ABSENT"],[{"location":"/Users/hatakusunoki/Documents/Java/lab7","type":"PROJECT","hints":{"PROJECT_NAME":"lab7"}},"ABSENT"],[{"location":"/Users/hatakusunoki/Documents/Java/messy","type":"PROJECT","hints":{"PROJECT_NAME":"messy"}},"ABSENT"],[{"location":"/Users/hatakusunoki/Documents/Java/DataStructure","type":"PROJECT","hints":{"PROJECT_NAME":"DataStructure"}},"ABSENT"],[{"location":"/Users/hatakusunoki/Documents/Java/IntelligentFrame","type":"PROJECT","hints":{"PROJECT_NAME":"IntelligentFrame"}},"ABSENT"],[{"location":"/Users/hatakusunoki/Documents/Java/worktogether","type":"PROJECT","hints":{"PROJECT_NAME":"worktogether"}},"ABSENT"],[{"location":"/Users/hatakusunoki/Documents/Java/anoyinner","type":"PROJECT","hints":{"PROJECT_NAME":"anoyinner"}},"ABSENT"],[{"location":"/Users/hatakusunoki/Documents/Java/enum","type":"PROJECT","hints":{"PROJECT_NAME":"enum"}},"ABSENT"],[{"location":"/Users/hatakusunoki/Documents/Java/Sorting","type":"PROJECT","hints":{"PROJECT_NAME":"Sorting"}},"ABSENT"],[{"location":"/Users/hatakusunoki/Documents/Java/interface_reduce","type":"PROJECT","hints":{"PROJECT_NAME":"interface_reduce"}},"ABSENT"],[{"location":"/Users/hatakusunoki/Documents/Java/inheritance2","type":"PROJECT","hints":{"PROJECT_NAME":"inheritance2"}},"ABSENT"],[{"location":"/Users/hatakusunoki/Documents/Java/qinxx232_lab9","type":"PROJECT","hints":{"PROJECT_NAME":"qinxx232_lab9"}},"ABSENT"],[{"location":"/Users/hatakusunoki/Documents/Java/NetWorkChat","type":"PROJECT","hints":{"PROJECT_NAME":"NetWorkChat"}},"ABSENT"],[{"location":"/Users/hatakusunoki/Documents/Java/lab13","type":"PROJECT","hints":{"PROJECT_NAME":"lab13"}},"ABSENT"],[{"location":"/Users/hatakusunoki/Documents/Java/callback2","type":"PROJECT","hints":{"PROJECT_NAME":"callback2"}},"ABSENT"],[{"location":"/Users/hatakusunoki/Documents/Java/qinxx232_lab8","type":"PROJECT","hints":{"PROJECT_NAME":"qinxx232_lab8"}},"ABSENT"],[{"location":"/Users/hatakusunoki/Documents/Java/Sync","type":"PROJECT","hints":{"PROJECT_NAME":"Sync"}},"ABSENT"],[{"location":"/Users/hatakusunoki/Documents/Java/MyBank","type":"PROJECT","hints":{"PROJECT_NAME":"MyBank"}},"ABSENT"],[{"location":"/Users/hatakusunoki/Documents/Java/Reflection","type":"PROJECT","hints":{"PROJECT_NAME":"Reflection"}},"ABSENT"],[{"location":"/Users/hatakusunoki/Documents/Java/encodingString","type":"PROJECT","hints":{"PROJECT_NAME":"encodingString"}},"ABSENT"],[{"location":"/Users/hatakusunoki/Documents/Java/extendss","type":"PROJECT","hints":{"PROJECT_NAME":"extendss"}},"ABSENT"],[{"location":"/Users/hatakusunoki/Documents/Java/deadlock","type":"PROJECT","hints":{"PROJECT_NAME":"deadlock"}},"ABSENT"],[{"location":"/Users/hatakusunoki/Documents/Java/Generic","type":"PROJECT","hints":{"PROJECT_NAME":"Generic"}},"ABSENT"],[{"location":"/Users/hatakusunoki/Documents/Java/anony","type":"PROJECT","hints":{"PROJECT_NAME":"anony"}},"ABSENT"],[{"location":"/Users/hatakusunoki/Documents/Java/Refle","type":"PROJECT","hints":{"PROJECT_NAME":"Refle"}},"ABSENT"],[{"location":"/Users/hatakusunoki/Documents/Java/Conditions","type":"PROJECT","hints":{"PROJECT_NAME":"Conditions"}},"ABSENT"],[{"location":"/Users/hatakusunoki/Documents/Java/clone","type":"PROJECT","hints":{"PROJECT_NAME":"clone"}},"ABSENT"],[{"location":"/Users/hatakusunoki/Documents/Java/final","type":"PROJECT","hints":{"PROJECT_NAME":"final"}},"ABSENT"],[{"location":"/Users/hatakusunoki/Documents/Java/Project3","type":"PROJECT","hints":{"PROJECT_NAME":"Project3"}},"ABSENT"],[{"location":"/Users/hatakusunoki/Documents/Java/Lab12","type":"PROJECT","hints":{"PROJECT_NAME":"Lab12"}},"ABSENT"],[{"location":"/Users/hatakusunoki/Documents/Java/Database/DatabaseDrive/mysql-connector-java-5.1.38-bin.jar","type":"JAR","hints":{}},"com.mysql.jdbc:com.mysql.jdbc:5.1.38"],[{"location":"/Users/hatakusunoki/Documents/Java/Tree","type":"PROJECT","hints":{"PROJECT_NAME":"Tree"}},"ABSENT"],[{"location":"/Users/hatakusunoki/Documents/Java/Question3","type":"PROJECT","hints":{"PROJECT_NAME":"Question3"}},"ABSENT"],[{"location":"/Library/Java/JavaVirtualMachines/jdk1.8.0_65.jdk/Contents/Home","type":"JRE","hints":{"EXECUTION_ENVIRONMENT":"JavaSE-1.8"}},"jre:jre:1.8.0"],[{"location":"/Users/hatakusunoki/Documents/Java/HashTablechaining","type":"PROJECT","hints":{"PROJECT_NAME":"HashTablechaining"}},"ABSENT"],[{"location":"/Users/hatakusunoki/Documents/Java/assertion","type":"PROJECT","hints":{"PROJECT_NAME":"assertion"}},"ABSENT"],[{"location":"/Users/hatakusunoki/Documents/Java/ExceptionReview","type":"PROJECT","hints":{"PROJECT_NAME":"ExceptionReview"}},"ABSENT"],[{"location":"/Users/hatakusunoki/Documents/Java/INNER","type":"PROJECT","hints":{"PROJECT_NAME":"INNER"}},"ABSENT"],[{"location":"/Users/hatakusunoki/Documents/Java/inheritance","type":"PROJECT","hints":{"PROJECT_NAME":"inheritance"}},"ABSENT"],[{"location":"/Users/hatakusunoki/Documents/Java/doublelinkedlist","type":"PROJECT","hints":{"PROJECT_NAME":"doublelinkedlist"}},"ABSENT"],[{"location":"/Users/hatakusunoki/Documents/Java/Template","type":"PROJECT","hints":{"PROJECT_NAME":"Template"}},"ABSENT"],[{"location":"/Users/hatakusunoki/Documents/Java/Database","type":"PROJECT","hints":{"PROJECT_NAME":"Database"}},"ABSENT"],[{"location":"/Users/hatakusunoki/Documents/Java/inter","type":"PROJECT","hints":{"PROJECT_NAME":"inter"}},"ABSENT"]]